Device Name,Part Number,Configuration File Name
InfeedWest,EP7402-0052,AllMDRCv8.xml
InfeedWest,EP7402-0052,AllMDRCv8.xml
InfeedWest,EP7402-0052,AllMDRCv8.xml
InfeedWest,EP7402-0052,AllMDRCv8.xml
InfeedWest,EP7402-0052,AllMDRCv8.xml
InFeedWestOut,EP7402-0052,AllMDRCv8.xml
InFeedWestOut,EP7402-0052,AllMDRCv8.xml
InFeedWestOut,EP7402-0052,AllMDRCv8.xml
InFeedWestOut,EP7402-0052,AllMDRCv8.xml
InFeedWestOut,EP7402-0052,AllMDRCv8.xml
InFeedWestOut,EP7402-0053,AllMDRCv8.xml
InFeedWestOut,EP7402-0054,AllMDRCv8.xml
InFeedWestOut,EP7402-0055,AllMDRCv8.xml
InFeedWestOut,EP7402-0056,AllMDRCv8.xml
InFeedWestOut,EP7402-0057,AllMDRCv8.xml
InFeedWestOut,EP7402-0058,AllMDRCv8.xml
InFeedWestOut,EP7402-0059,AllMDRCv8.xml
InFeedWestOut,EP7402-0060,AllMDRCv8.xml
InFeedWestOut,EP7402-0061,AllMDRCv8.xml
InFeedWestOut,EP7402-0062,AllMDRCv8.xml
InFeedWestOut,EP7402-0063,AllMDRCv8.xml
InFeedWestOut,EP7402-0064,AllMDRCv8.xml
InFeedWestOut,EP7402-0065,AllMDRCv8.xml
InFeedWestOut,EP7402-0066,AllMDRCv8.xml
InFeedWestOut,EP7402-0067,AllMDRCv8.xml
InFeedWestOut,EP7402-0068,AllMDRCv8.xml
InFeedWestOut,EP7402-0069,AllMDRCv8.xml
InFeedWestOut,EP7402-0070,AllMDRCv8.xml
InFeedWestOut,EP7402-0071,AllMDRCv8.xml
InFeedWestOut,EP7402-0072,AllMDRCv8.xml
InFeedWestOut,EP7402-0073,AllMDRCv8.xml
InFeedWestOut,EP7402-0074,AllMDRCv8.xml
InFeedWestOut,EP7402-0075,AllMDRCv8.xml
InFeedWestOut,EP7402-0076,AllMDRCv8.xml
InFeedWestOut,EP7402-0077,AllMDRCv8.xml
InFeedWestOut,EP7402-0078,AllMDRCv8.xml
InFeedWestOut,EP7402-0079,AllMDRCv8.xml
InFeedWestOut,EP7402-0080,AllMDRCv8.xml
InFeedWestOut,EP7402-0081,AllMDRCv8.xml
InFeedWestOut,EP7402-0082,AllMDRCv8.xml
InFeedWestOut,EP7402-0083,AllMDRCv8.xml
InFeedWestOut,EP7402-0084,AllMDRCv8.xml
InFeedWestOut,EP7402-0085,AllMDRCv8.xml
InFeedWestOut,EP7402-0086,AllMDRCv8.xml
InFeedWestOut,EP7402-0087,AllMDRCv8.xml
InFeedWestOut,EP7402-0088,AllMDRCv8.xml
InFeedWestOut,EP7402-0089,AllMDRCv8.xml
InFeedWestOut,EP7402-0090,AllMDRCv8.xml
InFeedWestOut,EP7402-0091,AllMDRCv8.xml
InFeedWestOut,EP7402-0092,AllMDRCv8.xml
InFeedWestOut,EP7402-0093,AllMDRCv8.xml
InFeedWestOut,EP7402-0094,AllMDRCv8.xml
InFeedWestOut,EP7402-0095,AllMDRCv8.xml
InFeedWestOut,EP7402-0096,AllMDRCv8.xml
InFeedWestOut,EP7402-0097,AllMDRCv8.xml
InFeedWestOut,EP7402-0098,AllMDRCv8.xml
InFeedWestOut,EP7402-0099,AllMDRCv8.xml
InFeedWestOut,EP7402-0100,AllMDRCv8.xml
InFeedWestOut,EP7402-0101,AllMDRCv8.xml
InFeedWestOut,EP7402-0102,AllMDRCv8.xml
InFeedWestOut,EP7402-0103,AllMDRCv8.xml
InFeedWestOut,EP7402-0104,AllMDRCv8.xml
InFeedWestOut,EP7402-0105,AllMDRCv8.xml
InFeedWestOut,EP7402-0106,AllMDRCv8.xml
InFeedWestOut,EP7402-0107,AllMDRCv8.xml
InFeedWestOut,EP7402-0108,AllMDRCv8.xml
InFeedWestOut,EP7402-0109,AllMDRCv8.xml
InFeedWestOut,EP7402-0110,AllMDRCv8.xml
InFeedWestOut,EP7402-0111,AllMDRCv8.xml
InFeedWestOut,EP7402-0112,AllMDRCv8.xml
InFeedWestOut,EP7402-0113,AllMDRCv8.xml
InFeedWestOut,EP7402-0114,AllMDRCv8.xml
InFeedWestOut,EP7402-0115,AllMDRCv8.xml
InFeedWestOut,EP7402-0116,AllMDRCv8.xml
InFeedWestOut,EP7402-0117,AllMDRCv8.xml
InFeedWestOut,EP7402-0118,AllMDRCv8.xml
InFeedWestOut,EP7402-0119,AllMDRCv8.xml
InFeedWestOut,EP7402-0120,AllMDRCv8.xml
InFeedWestOut,EP7402-0121,AllMDRCv8.xml
InFeedWestOut,EP7402-0122,AllMDRCv8.xml
InFeedWestOut,EP7402-0123,AllMDRCv8.xml
InFeedWestOut,EP7402-0124,AllMDRCv8.xml
InFeedWestOut,EP7402-0125,AllMDRCv8.xml
InFeedWestOut,EP7402-0126,AllMDRCv8.xml
InFeedWestOut,EP7402-0127,AllMDRCv8.xml
InFeedWestOut,EP7402-0128,AllMDRCv8.xml
InFeedWestOut,EP7402-0129,AllMDRCv8.xml
InFeedWestOut,EP7402-0130,AllMDRCv8.xml
InFeedWestOut,EP7402-0131,AllMDRCv8.xml
InFeedWestOut,EP7402-0132,AllMDRCv8.xml
InFeedWestOut,EP7402-0133,AllMDRCv8.xml
InFeedWestOut,EP7402-0134,AllMDRCv8.xml
InFeedWestOut,EP7402-0135,AllMDRCv8.xml
InFeedWestOut,EP7402-0136,AllMDRCv8.xml
InFeedWestOut,EP7402-0137,AllMDRCv8.xml
InFeedWestOut,EP7402-0138,AllMDRCv8.xml
InFeedWestOut,EP7402-0139,AllMDRCv8.xml
InFeedWestOut,EP7402-0140,AllMDRCv8.xml
InFeedWestOut,EP7402-0141,AllMDRCv8.xml
InFeedWestOut,EP7402-0142,AllMDRCv8.xml
InFeedWestOut,EP7402-0143,AllMDRCv8.xml
InFeedWestOut,EP7402-0144,AllMDRCv8.xml
InFeedWestOut,EP7402-0145,AllMDRCv8.xml
InFeedWestOut,EP7402-0146,AllMDRCv8.xml
InFeedWestOut,EP7402-0147,AllMDRCv8.xml
InFeedWestOut,EP7402-0148,AllMDRCv8.xml
InFeedWestOut,EP7402-0149,AllMDRCv8.xml
InFeedWestOut,EP7402-0150,AllMDRCv8.xml
InFeedWestOut,EP7402-0151,AllMDRCv8.xml
InFeedWestOut,EP7402-0152,AllMDRCv8.xml
InFeedWestOut,EP7402-0153,AllMDRCv8.xml
InFeedWestOut,EP7402-0154,AllMDRCv8.xml
InFeedWestOut,EP7402-0155,AllMDRCv8.xml
InFeedWestOut,EP7402-0156,AllMDRCv8.xml
InFeedWestOut,EP7402-0157,AllMDRCv8.xml
InFeedWestOut,EP7402-0158,AllMDRCv8.xml
InFeedWestOut,EP7402-0159,AllMDRCv8.xml
InFeedWestOut,EP7402-0160,AllMDRCv8.xml
InFeedWestOut,EP7402-0161,AllMDRCv8.xml
InFeedWestOut,EP7402-0162,AllMDRCv8.xml
InFeedWestOut,EP7402-0163,AllMDRCv8.xml
InFeedWestOut,EP7402-0164,AllMDRCv8.xml
InFeedWestOut,EP7402-0165,AllMDRCv8.xml
InFeedWestOut,EP7402-0166,AllMDRCv8.xml
InFeedWestOut,EP7402-0167,AllMDRCv8.xml
InFeedWestOut,EP7402-0168,AllMDRCv8.xml
InFeedWestOut,EP7402-0169,AllMDRCv8.xml
InFeedWestOut,EP7402-0170,AllMDRCv8.xml
InFeedWestOut,EP7402-0171,AllMDRCv8.xml
InFeedWestOut,EP7402-0172,AllMDRCv8.xml
InFeedWestOut,EP7402-0173,AllMDRCv8.xml
InFeedWestOut,EP7402-0174,AllMDRCv8.xml
InFeedWestOut,EP7402-0175,AllMDRCv8.xml
InFeedWestOut,EP7402-0176,AllMDRCv8.xml
InFeedWestOut,EP7402-0177,AllMDRCv8.xml
InFeedWestOut,EP7402-0178,AllMDRCv8.xml
InFeedWestOut,EP7402-0179,AllMDRCv8.xml
InFeedWestOut,EP7402-0180,AllMDRCv8.xml
InFeedWestOut,EP7402-0181,AllMDRCv8.xml
InFeedWestOut,EP7402-0182,AllMDRCv8.xml
InFeedWestOut,EP7402-0183,AllMDRCv8.xml
InFeedWestOut,EP7402-0184,AllMDRCv8.xml
InFeedWestOut,EP7402-0185,AllMDRCv8.xml
InFeedWestOut,EP7402-0186,AllMDRCv8.xml
InFeedWestOut,EP7402-0187,AllMDRCv8.xml
InFeedWestOut,EP7402-0188,AllMDRCv8.xml
InFeedWestOut,EP7402-0189,AllMDRCv8.xml
InFeedWestOut,EP7402-0190,AllMDRCv8.xml
InFeedWestOut,EP7402-0191,AllMDRCv8.xml
InFeedWestOut,EP7402-0192,AllMDRCv8.xml
InFeedWestOut,EP7402-0193,AllMDRCv8.xml
InFeedWestOut,EP7402-0194,AllMDRCv8.xml
InFeedWestOut,EP7402-0195,AllMDRCv8.xml
InFeedWestOut,EP7402-0196,AllMDRCv8.xml
InFeedWestOut,EP7402-0197,AllMDRCv8.xml
InFeedWestOut,EP7402-0198,AllMDRCv8.xml
InFeedWestOut,EP7402-0199,AllMDRCv8.xml
InFeedWestOut,EP7402-0200,AllMDRCv8.xml
InFeedWestOut,EP7402-0201,AllMDRCv8.xml
InFeedWestOut,EP7402-0202,AllMDRCv8.xml
InFeedWestOut,EP7402-0203,AllMDRCv8.xml
InFeedWestOut,EP7402-0204,AllMDRCv8.xml
InFeedWestOut,EP7402-0205,AllMDRCv8.xml
InFeedWestOut,EP7402-0206,AllMDRCv8.xml
InFeedWestOut,EP7402-0207,AllMDRCv8.xml
InFeedWestOut,EP7402-0208,AllMDRCv8.xml
InFeedWestOut,EP7402-0209,AllMDRCv8.xml
InFeedWestOut,EP7402-0210,AllMDRCv8.xml
InFeedWestOut,EP7402-0211,AllMDRCv8.xml
InFeedWestOut,EP7402-0212,AllMDRCv8.xml
InFeedWestOut,EP7402-0213,AllMDRCv8.xml
InFeedWestOut,EP7402-0214,AllMDRCv8.xml
InFeedWestOut,EP7402-0215,AllMDRCv8.xml
InFeedWestOut,EP7402-0216,AllMDRCv8.xml
InFeedWestOut,EP7402-0217,AllMDRCv8.xml
InFeedWestOut,EP7402-0218,AllMDRCv8.xml
InFeedWestOut,EP7402-0219,AllMDRCv8.xml
InFeedWestOut,EP7402-0220,AllMDRCv8.xml
InFeedWestOut,EP7402-0221,AllMDRCv8.xml
InFeedWestOut,EP7402-0222,AllMDRCv8.xml
InFeedWestOut,EP7402-0223,AllMDRCv8.xml
InFeedWestOut,EP7402-0224,AllMDRCv8.xml
InFeedWestOut,EP7402-0225,AllMDRCv8.xml
InFeedWestOut,EP7402-0226,AllMDRCv8.xml
InFeedWestOut,EP7402-0227,AllMDRCv8.xml
InFeedWestOut,EP7402-0228,AllMDRCv8.xml
InFeedWestOut,EP7402-0229,AllMDRCv8.xml
InFeedWestOut,EP7402-0230,AllMDRCv8.xml
InFeedWestOut,EP7402-0231,AllMDRCv8.xml
InFeedWestOut,EP7402-0232,AllMDRCv8.xml
InFeedWestOut,EP7402-0233,AllMDRCv8.xml
InFeedWestOut,EP7402-0234,AllMDRCv8.xml
InFeedWestOut,EP7402-0235,AllMDRCv8.xml
InFeedWestOut,EP7402-0236,AllMDRCv8.xml
InFeedWestOut,EP7402-0237,AllMDRCv8.xml
InFeedWestOut,EP7402-0238,AllMDRCv8.xml
InFeedWestOut,EP7402-0239,AllMDRCv8.xml
InFeedWestOut,EP7402-0240,AllMDRCv8.xml
InFeedWestOut,EP7402-0241,AllMDRCv8.xml
InFeedWestOut,EP7402-0242,AllMDRCv8.xml
InFeedWestOut,EP7402-0243,AllMDRCv8.xml
InFeedWestOut,EP7402-0244,AllMDRCv8.xml
InFeedWestOut,EP7402-0245,AllMDRCv8.xml
InFeedWestOut,EP7402-0246,AllMDRCv8.xml
InFeedWestOut,EP7402-0247,AllMDRCv8.xml
InFeedWestOut,EP7402-0248,AllMDRCv8.xml
InFeedWestOut,EP7402-0249,AllMDRCv8.xml
InFeedWestOut,EP7402-0250,AllMDRCv8.xml
InFeedWestOut,EP7402-0251,AllMDRCv8.xml
InFeedWestOut,EP7402-0252,AllMDRCv8.xml
InFeedWestOut,EP7402-0253,AllMDRCv8.xml
InFeedWestOut,EP7402-0254,AllMDRCv8.xml
InFeedWestOut,EP7402-0255,AllMDRCv8.xml
InFeedWestOut,EP7402-0256,AllMDRCv8.xml
InFeedWestOut,EP7402-0257,AllMDRCv8.xml
InFeedWestOut,EP7402-0258,AllMDRCv8.xml
InFeedWestOut,EP7402-0259,AllMDRCv8.xml
InFeedWestOut,EP7402-0260,AllMDRCv8.xml
InFeedWestOut,EP7402-0261,AllMDRCv8.xml
InFeedWestOut,EP7402-0262,AllMDRCv8.xml
InFeedWestOut,EP7402-0263,AllMDRCv8.xml
InFeedWestOut,EP7402-0264,AllMDRCv8.xml
InFeedWestOut,EP7402-0265,AllMDRCv8.xml
InFeedWestOut,EP7402-0266,AllMDRCv8.xml
InFeedWestOut,EP7402-0267,AllMDRCv8.xml
InFeedWestOut,EP7402-0268,AllMDRCv8.xml
InFeedWestOut,EP7402-0269,AllMDRCv8.xml
InFeedWestOut,EP7402-0270,AllMDRCv8.xml
InFeedWestOut,EP7402-0271,AllMDRCv8.xml
InFeedWestOut,EP7402-0272,AllMDRCv8.xml
InFeedWestOut,EP7402-0273,AllMDRCv8.xml
InFeedWestOut,EP7402-0274,AllMDRCv8.xml
InFeedWestOut,EP7402-0275,AllMDRCv8.xml
InFeedWestOut,EP7402-0276,AllMDRCv8.xml
InFeedWestOut,EP7402-0277,AllMDRCv8.xml
InFeedWestOut,EP7402-0278,AllMDRCv8.xml
InFeedWestOut,EP7402-0279,AllMDRCv8.xml
InFeedWestOut,EP7402-0280,AllMDRCv8.xml
InFeedWestOut,EP7402-0281,AllMDRCv8.xml
InFeedWestOut,EP7402-0282,AllMDRCv8.xml
InFeedWestOut,EP7402-0283,AllMDRCv8.xml
InFeedWestOut,EP7402-0284,AllMDRCv8.xml
InFeedWestOut,EP7402-0285,AllMDRCv8.xml
InFeedWestOut,EP7402-0286,AllMDRCv8.xml
InFeedWestOut,EP7402-0287,AllMDRCv8.xml
InFeedWestOut,EP7402-0288,AllMDRCv8.xml
InFeedWestOut,EP7402-0289,AllMDRCv8.xml
InFeedWestOut,EP7402-0290,AllMDRCv8.xml
InFeedWestOut,EP7402-0291,AllMDRCv8.xml
InFeedWestOut,EP7402-0292,AllMDRCv8.xml
InFeedWestOut,EP7402-0293,AllMDRCv8.xml
InFeedWestOut,EP7402-0294,AllMDRCv8.xml
InFeedWestOut,EP7402-0295,AllMDRCv8.xml
InFeedWestOut,EP7402-0296,AllMDRCv8.xml
InFeedWestOut,EP7402-0297,AllMDRCv8.xml
InFeedWestOut,EP7402-0298,AllMDRCv8.xml
InFeedWestOut,EP7402-0299,AllMDRCv8.xml
InFeedWestOut,EP7402-0300,AllMDRCv8.xml
InFeedWestOut,EP7402-0301,AllMDRCv8.xml
InFeedWestOut,EP7402-0302,AllMDRCv8.xml
InFeedWestOut,EP7402-0303,AllMDRCv8.xml
InFeedWestOut,EP7402-0304,AllMDRCv8.xml
InFeedWestOut,EP7402-0305,AllMDRCv8.xml
InFeedWestOut,EP7402-0306,AllMDRCv8.xml
InFeedWestOut,EP7402-0307,AllMDRCv8.xml
InFeedWestOut,EP7402-0308,AllMDRCv8.xml
InFeedWestOut,EP7402-0309,AllMDRCv8.xml
InFeedWestOut,EP7402-0310,AllMDRCv8.xml
InFeedWestOut,EP7402-0311,AllMDRCv8.xml
InFeedWestOut,EP7402-0312,AllMDRCv8.xml
InFeedWestOut,EP7402-0313,AllMDRCv8.xml
InFeedWestOut,EP7402-0314,AllMDRCv8.xml
InFeedWestOut,EP7402-0315,AllMDRCv8.xml
InFeedWestOut,EP7402-0316,AllMDRCv8.xml
InFeedWestOut,EP7402-0317,AllMDRCv8.xml
InFeedWestOut,EP7402-0318,AllMDRCv8.xml
InFeedWestOut,EP7402-0319,AllMDRCv8.xml
InFeedWestOut,EP7402-0320,AllMDRCv8.xml
InFeedWestOut,EP7402-0321,AllMDRCv8.xml
InFeedWestOut,EP7402-0322,AllMDRCv8.xml
InFeedWestOut,EP7402-0323,AllMDRCv8.xml
InFeedWestOut,EP7402-0324,AllMDRCv8.xml
InFeedWestOut,EP7402-0325,AllMDRCv8.xml
InFeedWestOut,EP7402-0326,AllMDRCv8.xml
InFeedWestOut,EP7402-0327,AllMDRCv8.xml
InFeedWestOut,EP7402-0328,AllMDRCv8.xml
InFeedWestOut,EP7402-0329,AllMDRCv8.xml
InFeedWestOut,EP7402-0330,AllMDRCv8.xml
InFeedWestOut,EP7402-0331,AllMDRCv8.xml
InFeedWestOut,EP7402-0332,AllMDRCv8.xml
InFeedWestOut,EP7402-0333,AllMDRCv8.xml
InFeedWestOut,EP7402-0334,AllMDRCv8.xml
InFeedWestOut,EP7402-0335,AllMDRCv8.xml
InFeedWestOut,EP7402-0336,AllMDRCv8.xml
InFeedWestOut,EP7402-0337,AllMDRCv8.xml
InFeedWestOut,EP7402-0338,AllMDRCv8.xml
InFeedWestOut,EP7402-0339,AllMDRCv8.xml
InFeedWestOut,EP7402-0340,AllMDRCv8.xml
InFeedWestOut,EP7402-0341,AllMDRCv8.xml
InFeedWestOut,EP7402-0342,AllMDRCv8.xml
InFeedWestOut,EP7402-0343,AllMDRCv8.xml
InFeedWestOut,EP7402-0344,AllMDRCv8.xml
InFeedWestOut,EP7402-0345,AllMDRCv8.xml
InFeedWestOut,EP7402-0346,AllMDRCv8.xml
InFeedWestOut,EP7402-0347,AllMDRCv8.xml
InFeedWestOut,EP7402-0348,AllMDRCv8.xml
InFeedWestOut,EP7402-0349,AllMDRCv8.xml
InFeedWestOut,EP7402-0350,AllMDRCv8.xml
InFeedWestOut,EP7402-0351,AllMDRCv8.xml
InFeedWestOut,EP7402-0352,AllMDRCv8.xml
InFeedWestOut,EP7402-0353,AllMDRCv8.xml
InFeedWestOut,EP7402-0354,AllMDRCv8.xml
InFeedWestOut,EP7402-0355,AllMDRCv8.xml
InFeedWestOut,EP7402-0356,AllMDRCv8.xml
InFeedWestOut,EP7402-0357,AllMDRCv8.xml
InFeedWestOut,EP7402-0358,AllMDRCv8.xml
InFeedWestOut,EP7402-0359,AllMDRCv8.xml
InFeedWestOut,EP7402-0360,AllMDRCv8.xml
InFeedWestOut,EP7402-0361,AllMDRCv8.xml
InFeedWestOut,EP7402-0362,AllMDRCv8.xml
InFeedWestOut,EP7402-0363,AllMDRCv8.xml
InFeedWestOut,EP7402-0364,AllMDRCv8.xml
InFeedWestOut,EP7402-0365,AllMDRCv8.xml
InFeedWestOut,EP7402-0366,AllMDRCv8.xml
InFeedWestOut,EP7402-0367,AllMDRCv8.xml
InFeedWestOut,EP7402-0368,AllMDRCv8.xml
InFeedWestOut,EP7402-0369,AllMDRCv8.xml
InFeedWestOut,EP7402-0370,AllMDRCv8.xml
InFeedWestOut,EP7402-0371,AllMDRCv8.xml
InFeedWestOut,EP7402-0372,AllMDRCv8.xml
InFeedWestOut,EP7402-0373,AllMDRCv8.xml
InFeedWestOut,EP7402-0374,AllMDRCv8.xml
InFeedWestOut,EP7402-0375,AllMDRCv8.xml
InFeedWestOut,EP7402-0376,AllMDRCv8.xml
InFeedWestOut,EP7402-0377,AllMDRCv8.xml
InFeedWestOut,EP7402-0378,AllMDRCv8.xml
InFeedWestOut,EP7402-0379,AllMDRCv8.xml
InFeedWestOut,EP7402-0380,AllMDRCv8.xml
InFeedWestOut,EP7402-0381,AllMDRCv8.xml
InFeedWestOut,EP7402-0382,AllMDRCv8.xml
InFeedWestOut,EP7402-0383,AllMDRCv8.xml
InFeedWestOut,EP7402-0384,AllMDRCv8.xml
InFeedWestOut,EP7402-0385,AllMDRCv8.xml
InFeedWestOut,EP7402-0386,AllMDRCv8.xml
InFeedWestOut,EP7402-0387,AllMDRCv8.xml
InFeedWestOut,EP7402-0388,AllMDRCv8.xml
InFeedWestOut,EP7402-0389,AllMDRCv8.xml
InFeedWestOut,EP7402-0390,AllMDRCv8.xml
InFeedWestOut,EP7402-0391,AllMDRCv8.xml
InFeedWestOut,EP7402-0392,AllMDRCv8.xml
InFeedWestOut,EP7402-0393,AllMDRCv8.xml
InFeedWestOut,EP7402-0394,AllMDRCv8.xml
InFeedWestOut,EP7402-0395,AllMDRCv8.xml
InFeedWestOut,EP7402-0396,AllMDRCv8.xml
InFeedWestOut,EP7402-0397,AllMDRCv8.xml
InFeedWestOut,EP7402-0398,AllMDRCv8.xml
InFeedWestOut,EP7402-0399,AllMDRCv8.xml
InFeedWestOut,EP7402-0400,AllMDRCv8.xml
InFeedWestOut,EP7402-0401,AllMDRCv8.xml
InFeedWestOut,EP7402-0402,AllMDRCv8.xml
InFeedWestOut,EP7402-0403,AllMDRCv8.xml
InFeedWestOut,EP7402-0404,AllMDRCv8.xml
InFeedWestOut,EP7402-0405,AllMDRCv8.xml
InFeedWestOut,EP7402-0406,AllMDRCv8.xml
InFeedWestOut,EP7402-0407,AllMDRCv8.xml
InFeedWestOut,EP7402-0408,AllMDRCv8.xml
InFeedWestOut,EP7402-0409,AllMDRCv8.xml
InFeedWestOut,EP7402-0410,AllMDRCv8.xml
InFeedWestOut,EP7402-0411,AllMDRCv8.xml
InFeedWestOut,EP7402-0412,AllMDRCv8.xml
InFeedWestOut,EP7402-0413,AllMDRCv8.xml
InFeedWestOut,EP7402-0414,AllMDRCv8.xml
InFeedWestOut,EP7402-0415,AllMDRCv8.xml
InFeedWestOut,EP7402-0416,AllMDRCv8.xml
InFeedWestOut,EP7402-0417,AllMDRCv8.xml
InFeedWestOut,EP7402-0418,AllMDRCv8.xml
InFeedWestOut,EP7402-0419,AllMDRCv8.xml
InFeedWestOut,EP7402-0420,AllMDRCv8.xml
InFeedWestOut,EP7402-0421,AllMDRCv8.xml
InFeedWestOut,EP7402-0422,AllMDRCv8.xml
InFeedWestOut,EP7402-0423,AllMDRCv8.xml
InFeedWestOut,EP7402-0424,AllMDRCv8.xml
InFeedWestOut,EP7402-0425,AllMDRCv8.xml
InFeedWestOut,EP7402-0426,AllMDRCv8.xml
InFeedWestOut,EP7402-0427,AllMDRCv8.xml
InFeedWestOut,EP7402-0428,AllMDRCv8.xml
InFeedWestOut,EP7402-0429,AllMDRCv8.xml
InFeedWestOut,EP7402-0430,AllMDRCv8.xml
InFeedWestOut,EP7402-0431,AllMDRCv8.xml
InFeedWestOut,EP7402-0432,AllMDRCv8.xml
InFeedWestOut,EP7402-0433,AllMDRCv8.xml
InFeedWestOut,EP7402-0434,AllMDRCv8.xml
InFeedWestOut,EP7402-0435,AllMDRCv8.xml
InFeedWestOut,EP7402-0436,AllMDRCv8.xml
InFeedWestOut,EP7402-0437,AllMDRCv8.xml
InFeedWestOut,EP7402-0438,AllMDRCv8.xml
InFeedWestOut,EP7402-0439,AllMDRCv8.xml
InFeedWestOut,EP7402-0440,AllMDRCv8.xml
InFeedWestOut,EP7402-0441,AllMDRCv8.xml
InFeedWestOut,EP7402-0442,AllMDRCv8.xml
InFeedWestOut,EP7402-0443,AllMDRCv8.xml
InFeedWestOut,EP7402-0444,AllMDRCv8.xml
InFeedWestOut,EP7402-0445,AllMDRCv8.xml
InFeedWestOut,EP7402-0446,AllMDRCv8.xml
InFeedWestOut,EP7402-0447,AllMDRCv8.xml
InFeedWestOut,EP7402-0448,AllMDRCv8.xml
InFeedWestOut,EP7402-0449,AllMDRCv8.xml
InFeedWestOut,EP7402-0450,AllMDRCv8.xml
InFeedWestOut,EP7402-0451,AllMDRCv8.xml
InFeedWestOut,EP7402-0452,AllMDRCv8.xml
InFeedWestOut,EP7402-0453,AllMDRCv8.xml
InFeedWestOut,EP7402-0454,AllMDRCv8.xml
InFeedWestOut,EP7402-0455,AllMDRCv8.xml
InFeedWestOut,EP7402-0456,AllMDRCv8.xml
InFeedWestOut,EP7402-0457,AllMDRCv8.xml
InFeedWestOut,EP7402-0458,AllMDRCv8.xml
InFeedWestOut,EP7402-0459,AllMDRCv8.xml
InFeedWestOut,EP7402-0460,AllMDRCv8.xml
InFeedWestOut,EP7402-0461,AllMDRCv8.xml
InFeedWestOut,EP7402-0462,AllMDRCv8.xml
InFeedWestOut,EP7402-0463,AllMDRCv8.xml
InFeedWestOut,EP7402-0464,AllMDRCv8.xml
InFeedWestOut,EP7402-0465,AllMDRCv8.xml
InFeedWestOut,EP7402-0466,AllMDRCv8.xml
InFeedWestOut,EP7402-0467,AllMDRCv8.xml
InFeedWestOut,EP7402-0468,AllMDRCv8.xml
InFeedWestOut,EP7402-0469,AllMDRCv8.xml
InFeedWestOut,EP7402-0470,AllMDRCv8.xml
InFeedWestOut,EP7402-0471,AllMDRCv8.xml
InFeedWestOut,EP7402-0472,AllMDRCv8.xml
InFeedWestOut,EP7402-0473,AllMDRCv8.xml
InFeedWestOut,EP7402-0474,AllMDRCv8.xml
InFeedWestOut,EP7402-0475,AllMDRCv8.xml
InFeedWestOut,EP7402-0476,AllMDRCv8.xml
InFeedWestOut,EP7402-0477,AllMDRCv8.xml
InFeedWestOut,EP7402-0478,AllMDRCv8.xml
InFeedWestOut,EP7402-0479,AllMDRCv8.xml
InFeedWestOut,EP7402-0480,AllMDRCv8.xml
InFeedWestOut,EP7402-0481,AllMDRCv8.xml
InFeedWestOut,EP7402-0482,AllMDRCv8.xml
InFeedWestOut,EP7402-0483,AllMDRCv8.xml
InFeedWestOut,EP7402-0484,AllMDRCv8.xml
InFeedWestOut,EP7402-0485,AllMDRCv8.xml
InFeedWestOut,EP7402-0486,AllMDRCv8.xml
InFeedWestOut,EP7402-0487,AllMDRCv8.xml
InFeedWestOut,EP7402-0488,AllMDRCv8.xml
InFeedWestOut,EP7402-0489,AllMDRCv8.xml
InFeedWestOut,EP7402-0490,AllMDRCv8.xml
InFeedWestOut,EP7402-0491,AllMDRCv8.xml
InFeedWestOut,EP7402-0492,AllMDRCv8.xml
InFeedWestOut,EP7402-0493,AllMDRCv8.xml
InFeedWestOut,EP7402-0494,AllMDRCv8.xml
InFeedWestOut,EP7402-0495,AllMDRCv8.xml
InFeedWestOut,EP7402-0496,AllMDRCv8.xml
InFeedWestOut,EP7402-0497,AllMDRCv8.xml
InFeedWestOut,EP7402-0498,AllMDRCv8.xml
InFeedWestOut,EP7402-0499,AllMDRCv8.xml
InFeedWestOut,EP7402-0500,AllMDRCv8.xml
InFeedWestOut,EP7402-0501,AllMDRCv8.xml
InFeedWestOut,EP7402-0502,AllMDRCv8.xml
InFeedWestOut,EP7402-0503,AllMDRCv8.xml
InFeedWestOut,EP7402-0504,AllMDRCv8.xml
InFeedWestOut,EP7402-0505,AllMDRCv8.xml
InFeedWestOut,EP7402-0506,AllMDRCv8.xml
InFeedWestOut,EP7402-0507,AllMDRCv8.xml
InFeedWestOut,EP7402-0508,AllMDRCv8.xml
InFeedWestOut,EP7402-0509,AllMDRCv8.xml
InFeedWestOut,EP7402-0510,AllMDRCv8.xml
InFeedWestOut,EP7402-0511,AllMDRCv8.xml
InFeedWestOut,EP7402-0512,AllMDRCv8.xml
InFeedWestOut,EP7402-0513,AllMDRCv8.xml
InFeedWestOut,EP7402-0514,AllMDRCv8.xml
InFeedWestOut,EP7402-0515,AllMDRCv8.xml
InFeedWestOut,EP7402-0516,AllMDRCv8.xml
InFeedWestOut,EP7402-0517,AllMDRCv8.xml
InFeedWestOut,EP7402-0518,AllMDRCv8.xml
InFeedWestOut,EP7402-0519,AllMDRCv8.xml
InFeedWestOut,EP7402-0520,AllMDRCv8.xml
InFeedWestOut,EP7402-0521,AllMDRCv8.xml
InFeedWestOut,EP7402-0522,AllMDRCv8.xml
InFeedWestOut,EP7402-0523,AllMDRCv8.xml
InFeedWestOut,EP7402-0524,AllMDRCv8.xml
InFeedWestOut,EP7402-0525,AllMDRCv8.xml
InFeedWestOut,EP7402-0526,AllMDRCv8.xml
InFeedWestOut,EP7402-0527,AllMDRCv8.xml
InFeedWestOut,EP7402-0528,AllMDRCv8.xml
InFeedWestOut,EP7402-0529,AllMDRCv8.xml
InFeedWestOut,EP7402-0530,AllMDRCv8.xml
InFeedWestOut,EP7402-0531,AllMDRCv8.xml
InFeedWestOut,EP7402-0532,AllMDRCv8.xml
InFeedWestOut,EP7402-0533,AllMDRCv8.xml
InFeedWestOut,EP7402-0534,AllMDRCv8.xml
InFeedWestOut,EP7402-0535,AllMDRCv8.xml
InFeedWestOut,EP7402-0536,AllMDRCv8.xml
InFeedWestOut,EP7402-0537,AllMDRCv8.xml
InFeedWestOut,EP7402-0538,AllMDRCv8.xml
InFeedWestOut,EP7402-0539,AllMDRCv8.xml
InFeedWestOut,EP7402-0540,AllMDRCv8.xml
InFeedWestOut,EP7402-0541,AllMDRCv8.xml
InFeedWestOut,EP7402-0542,AllMDRCv8.xml
InFeedWestOut,EP7402-0543,AllMDRCv8.xml
InFeedWestOut,EP7402-0544,AllMDRCv8.xml
InFeedWestOut,EP7402-0545,AllMDRCv8.xml
InFeedWestOut,EP7402-0546,AllMDRCv8.xml
InFeedWestOut,EP7402-0547,AllMDRCv8.xml
InFeedWestOut,EP7402-0548,AllMDRCv8.xml
InFeedWestOut,EP7402-0549,AllMDRCv8.xml
InFeedWestOut,EP7402-0550,AllMDRCv8.xml
InFeedWestOut,EP7402-0551,AllMDRCv8.xml
InFeedWestOut,EP7402-0552,AllMDRCv8.xml
InFeedWestOut,EP7402-0553,AllMDRCv8.xml
InFeedWestOut,EP7402-0554,AllMDRCv8.xml
InFeedWestOut,EP7402-0555,AllMDRCv8.xml
InFeedWestOut,EP7402-0556,AllMDRCv8.xml
InFeedWestOut,EP7402-0557,AllMDRCv8.xml
InFeedWestOut,EP7402-0558,AllMDRCv8.xml
InFeedWestOut,EP7402-0559,AllMDRCv8.xml
InFeedWestOut,EP7402-0560,AllMDRCv8.xml
InFeedWestOut,EP7402-0561,AllMDRCv8.xml
InFeedWestOut,EP7402-0562,AllMDRCv8.xml
InFeedWestOut,EP7402-0563,AllMDRCv8.xml
InFeedWestOut,EP7402-0564,AllMDRCv8.xml
InFeedWestOut,EP7402-0565,AllMDRCv8.xml
InFeedWestOut,EP7402-0566,AllMDRCv8.xml
InFeedWestOut,EP7402-0567,AllMDRCv8.xml
InFeedWestOut,EP7402-0568,AllMDRCv8.xml
InFeedWestOut,EP7402-0569,AllMDRCv8.xml
InFeedWestOut,EP7402-0570,AllMDRCv8.xml
InFeedWestOut,EP7402-0571,AllMDRCv8.xml
InFeedWestOut,EP7402-0572,AllMDRCv8.xml
InFeedWestOut,EP7402-0573,AllMDRCv8.xml
InFeedWestOut,EP7402-0574,AllMDRCv8.xml
InFeedWestOut,EP7402-0575,AllMDRCv8.xml
InFeedWestOut,EP7402-0576,AllMDRCv8.xml
InFeedWestOut,EP7402-0577,AllMDRCv8.xml
InFeedWestOut,EP7402-0578,AllMDRCv8.xml
InFeedWestOut,EP7402-0579,AllMDRCv8.xml
InFeedWestOut,EP7402-0580,AllMDRCv8.xml
InFeedWestOut,EP7402-0581,AllMDRCv8.xml
InFeedWestOut,EP7402-0582,AllMDRCv8.xml
InFeedWestOut,EP7402-0583,AllMDRCv8.xml
InFeedWestOut,EP7402-0584,AllMDRCv8.xml
InFeedWestOut,EP7402-0585,AllMDRCv8.xml
InFeedWestOut,EP7402-0586,AllMDRCv8.xml
InFeedWestOut,EP7402-0587,AllMDRCv8.xml
InFeedWestOut,EP7402-0588,AllMDRCv8.xml
InFeedWestOut,EP7402-0589,AllMDRCv8.xml
InFeedWestOut,EP7402-0590,AllMDRCv8.xml
InFeedWestOut,EP7402-0591,AllMDRCv8.xml
InFeedWestOut,EP7402-0592,AllMDRCv8.xml
InFeedWestOut,EP7402-0593,AllMDRCv8.xml
InFeedWestOut,EP7402-0594,AllMDRCv8.xml
InFeedWestOut,EP7402-0595,AllMDRCv8.xml
InFeedWestOut,EP7402-0596,AllMDRCv8.xml
InFeedWestOut,EP7402-0597,AllMDRCv8.xml
InFeedWestOut,EP7402-0598,AllMDRCv8.xml
InFeedWestOut,EP7402-0599,AllMDRCv8.xml
InFeedWestOut,EP7402-0600,AllMDRCv8.xml
InFeedWestOut,EP7402-0601,AllMDRCv8.xml
InFeedWestOut,EP7402-0602,AllMDRCv8.xml
InFeedWestOut,EP7402-0603,AllMDRCv8.xml
InFeedWestOut,EP7402-0604,AllMDRCv8.xml
InFeedWestOut,EP7402-0605,AllMDRCv8.xml
InFeedWestOut,EP7402-0606,AllMDRCv8.xml
InFeedWestOut,EP7402-0607,AllMDRCv8.xml
InFeedWestOut,EP7402-0608,AllMDRCv8.xml
InFeedWestOut,EP7402-0609,AllMDRCv8.xml
